"Timestamp","Given the exclusion criteria, please confirm that you qualify to participate in the experiment:","Print Prolific ID (as substitute for Name)","Please initial one option below to indicate whether or not you consent to us contacting you in the future:","Print Participant's Initials (as substitute for signature)","Please indicate your consent:"
"2024/01/18 5:44:58 PM AST","Yes","Test MT","I consent to having Caltech researchers contact me about any other studies at Caltech, regardless of regardless of who is funding the research.","MT","I consent"
"2024/02/16 1:04:30 AM AST","Yes","10Q","I consent to having Caltech researchers contact me about other studies at Caltech that are funded by non-profit organizations, government agencies, universities, and other non-commercial entities.","rls","I consent"
"2024/02/16 1:17:00 AM AST","No","10Q","I consent to having Caltech researchers contact me about any other studies at Caltech, regardless of regardless of who is funding the research.","rls","I consent"
"2024/02/16 1:24:07 AM AST","Yes","67T","I consent to having Caltech researchers contact me about any other studies at Caltech, regardless of regardless of who is funding the research.","rls","I consent"
"2024/02/16 1:25:23 AM AST","Yes","67T","I consent to having Caltech researchers contact me about other studies at Caltech that are funded by for-profit companies and other commercial entities.","rls","I consent"
"2024/02/16 1:32:15 AM AST","Yes","18Q","I consent to having Caltech researchers contact me about other studies at Caltech that are funded by non-profit organizations, government agencies, universities, and other non-commercial entities.","rls","I consent"
"2024/02/16 1:44:49 AM AST","Yes","88X","I consent to having Caltech researchers contact me about any other studies at Caltech, regardless of regardless of who is funding the research.","rls","I consent"
"2024/02/16 2:01:11 AM AST","No","70A","I consent to having Caltech researchers contact me about other studies at Caltech that are funded by for-profit companies and other commercial entities.","wer","I consent"
"2024/02/16 3:47:24 PM AST","Yes","fakeprolificid8297k3y9df","I consent to having Caltech researchers contact me about other studies at Caltech that are funded by for-profit companies and other commercial entities.","rls","I consent"
"2024/02/17 12:02:48 AM AST","Yes","49D","I consent to having Caltech researchers contact me about any other studies at Caltech, regardless of regardless of who is funding the research.","wer","I consent"
"2024/02/17 12:03:57 AM AST","No","49D","I consent to having Caltech researchers contact me about other studies at Caltech that are funded by for-profit companies and other commercial entities.","asdf","I consent"
"2024/02/17 8:04:55 AM AST","Yes","69E","I consent to having Caltech researchers contact me about other studies at Caltech that are funded by non-profit organizations, government agencies, universities, and other non-commercial entities.","sdfsd","I consent"
"2024/02/17 8:14:12 AM AST","Yes","16H","I consent to having Caltech researchers contact me about other studies at Caltech that are funded by non-profit organizations, government agencies, universities, and other non-commercial entities.","wer","I consent"
"2024/02/17 8:14:24 AM AST","Yes","93I","","","I consent"
"2024/02/17 12:26:54 PM AST","Yes","24X","I consent to having Caltech researchers contact me about other studies at Caltech that are funded by non-profit organizations, government agencies, universities, and other non-commercial entities.","er","I consent"
"2024/02/17 1:11:40 PM AST","Yes","Test Mihai Feb 17th","I do not wish to be contacted about participating in future research studies.","MT","I consent"
"2024/02/17 2:57:12 PM AST","Yes","56R","I do not wish to be contacted about participating in future research studies.","MT","I consent"
"2024/02/17 2:57:22 PM AST","Yes","66T","I do not wish to be contacted about participating in future research studies.","234","I consent"
"2024/02/17 2:58:33 PM AST","Yes","10X","I consent to having Caltech researchers contact me about any other studies at Caltech, regardless of regardless of who is funding the research.","sd","I consent"
"2024/02/17 3:02:55 PM AST","Yes","79Q","I do not wish to be contacted about participating in future research studies.","sdf","I consent"
"2024/02/17 3:04:52 PM AST","Yes","79Q","I consent to having Caltech researchers contact me about other studies at Caltech that are funded by non-profit organizations, government agencies, universities, and other non-commercial entities.","","I consent"
"2024/02/17 3:06:09 PM AST","Yes","79Q","I consent to having Caltech researchers contact me about other studies at Caltech that are funded by non-profit organizations, government agencies, universities, and other non-commercial entities.","","I consent"
"2024/02/17 3:09:56 PM AST","Yes","43H","I do not wish to be contacted about participating in future research studies.","MT","I consent"
"2024/02/17 3:10:03 PM AST","Yes","11H","I consent to having Caltech researchers contact me about other studies at Caltech that are funded by non-profit organizations, government agencies, universities, and other non-commercial entities.","sdf","I consent"
"2024/02/18 9:37:34 PM AST","Yes","91J","I consent to having Caltech researchers contact me about other studies at Caltech that are funded by non-profit organizations, government agencies, universities, and other non-commercial entities.","","I consent"
"2024/02/20 11:02:51 AM AST","Yes","81Y","I consent to having Caltech researchers contact me about other studies at Caltech that are funded by non-profit organizations, government agencies, universities, and other non-commercial entities.","","I consent"
"2024/02/20 11:08:17 AM AST","No","38J","I consent to having Caltech researchers contact me about other studies at Caltech that are funded by for-profit companies and other commercial entities.","67","I consent"
"2024/02/20 11:09:44 AM AST","Yes","38J","","","I consent"
"2024/02/20 11:11:20 AM AST","Yes","40W","I consent to having Caltech researchers contact me about other studies at Caltech that are funded by non-profit organizations, government agencies, universities, and other non-commercial entities.","","I consent"
"2024/02/20 11:32:00 AM AST","Yes","65J","I consent to having Caltech researchers contact me about any other studies at Caltech, regardless of regardless of who is funding the research.","pdf","I consent"
"2024/02/20 11:34:27 AM AST","Yes","28U","I consent to having Caltech researchers contact me about any other studies at Caltech, regardless of regardless of who is funding the research.","we","I consent"
"2024/02/20 11:35:29 AM AST","Yes","65R","I consent to having Caltech researchers contact me about other studies at Caltech that are funded by for-profit companies and other commercial entities.","","I consent"
"2024/02/20 12:32:46 PM AST","Yes","90Z","I do not wish to be contacted about participating in future research studies.","TestMT","I consent"
"2024/02/20 12:32:54 PM AST","Yes","22D","I consent to having Caltech researchers contact me about other studies at Caltech that are funded by for-profit companies and other commercial entities.","wer","I consent"
"2024/02/20 12:46:57 PM AST","Yes","54T","I do not wish to be contacted about participating in future research studies.","MT","I consent"
"2024/02/20 12:47:35 PM AST","Yes","01D","I consent to having Caltech researchers contact me about other studies at Caltech that are funded by non-profit organizations, government agencies, universities, and other non-commercial entities.","qw","I consent"
"2024/02/20 1:26:52 PM AST","Yes","63cff262503b56190be3eb18","I consent to having Caltech researchers contact me about other studies at Caltech that are funded by non-profit organizations, government agencies, universities, and other non-commercial entities.","bs","I consent"
"2024/02/20 1:26:58 PM AST","Yes","62bdc30224534809032cf056","I consent to having Caltech researchers contact me about other studies at Caltech that are funded by non-profit organizations, government agencies, universities, and other non-commercial entities.","TN","I consent"
"2024/02/20 1:27:02 PM AST","Yes","5c8db07eb1f89a0016777fe0","I consent to having Caltech researchers contact me about other studies at Caltech that are funded by non-profit organizations, government agencies, universities, and other non-commercial entities.","BD","I consent"
"2024/02/20 1:27:03 PM AST","Yes","5f3d6975ef131710ed519c7a","I consent to having Caltech researchers contact me about other studies at Caltech that are funded by non-profit organizations, government agencies, universities, and other non-commercial entities.","BS","I consent"
"2024/02/20 1:27:05 PM AST","Yes","63254db937c17e8e9200fd54","I consent to having Caltech researchers contact me about other studies at Caltech that are funded by non-profit organizations, government agencies, universities, and other non-commercial entities.","IL","I consent"
"2024/02/20 1:27:05 PM AST","Yes","63614899ad49a91f1ef09067","I consent to having Caltech researchers contact me about any other studies at Caltech, regardless of regardless of who is funding the research.","jlg","I consent"
"2024/02/20 1:27:12 PM AST","Yes","561487ad7ffc8a0012812266","I consent to having Caltech researchers contact me about any other studies at Caltech, regardless of regardless of who is funding the research.","TS","I consent"
"2024/02/20 1:27:14 PM AST","Yes","614f89a9441723072040d4de","I consent to having Caltech researchers contact me about any other studies at Caltech, regardless of regardless of who is funding the research.","RB","I consent"
"2024/02/20 1:27:45 PM AST","Yes","60c4e1091b936c7b812e5af4","I consent to having Caltech researchers contact me about any other studies at Caltech, regardless of regardless of who is funding the research.","DF","I consent"
"2024/02/20 1:28:02 PM AST","Yes","650d90ebf26334f992c31579","I consent to having Caltech researchers contact me about other studies at Caltech that are funded by non-profit organizations, government agencies, universities, and other non-commercial entities.","JV","I consent"
"2024/02/20 1:28:03 PM AST","Yes","59d9d9cd8fd07a0001842484","I consent to having Caltech researchers contact me about any other studies at Caltech, regardless of regardless of who is funding the research.","JHS","I consent"
"2024/02/20 1:28:06 PM AST","Yes","5dd2f94a238a913096c52317","I consent to having Caltech researchers contact me about other studies at Caltech that are funded by non-profit organizations, government agencies, universities, and other non-commercial entities.","JH","I consent"
"2024/02/20 1:28:13 PM AST","Yes","5e2e7d79acf5fe45b62f859a","I consent to having Caltech researchers contact me about other studies at Caltech that are funded by non-profit organizations, government agencies, universities, and other non-commercial entities.","JCG","I consent"
"2024/02/20 1:28:15 PM AST","Yes","629e241d171ec6698e05f149","I consent to having Caltech researchers contact me about any other studies at Caltech, regardless of regardless of who is funding the research.","jn","I consent"
"2024/02/20 1:28:20 PM AST","Yes","5d4869cc692e5400197a980c","I do not wish to be contacted about participating in future research studies.","LH","I consent"
"2024/02/20 1:28:32 PM AST","Yes","5e5e623737be5e1762ad4418","I consent to having Caltech researchers contact me about other studies at Caltech that are funded by non-profit organizations, government agencies, universities, and other non-commercial entities.","JV","I consent"
"2024/02/20 1:28:39 PM AST","Yes","5ecc6ffce3ca77849333e83e","I consent to having Caltech researchers contact me about other studies at Caltech that are funded by non-profit organizations, government agencies, universities, and other non-commercial entities.","jl","I consent"
"2024/02/20 1:29:38 PM AST","Yes","64c0a2d8031339ab6ec5e54a","I consent to having Caltech researchers contact me about any other studies at Caltech, regardless of regardless of who is funding the research.","A.B","I consent"
"2024/02/20 1:31:39 PM AST","Yes","59ac5e9f9fdf6c0001cba8bf","I consent to having Caltech researchers contact me about other studies at Caltech that are funded by non-profit organizations, government agencies, universities, and other non-commercial entities.","","I consent"
"2024/03/01 2:52:48 PM AST","Yes","75G","I do not wish to be contacted about participating in future research studies.","TestMT","I consent"
"2024/03/07 2:36:27 PM AST","Yes","5ecd4acdb218ec085c6eefe6","I consent to having Caltech researchers contact me about other studies at Caltech that are funded by non-profit organizations, government agencies, universities, and other non-commercial entities.","dp","I consent"
"2024/03/07 2:36:37 PM AST","Yes","6234d77291179c1badffad36","I consent to having Caltech researchers contact me about other studies at Caltech that are funded by non-profit organizations, government agencies, universities, and other non-commercial entities.","BS","I consent"
"2024/03/07 2:36:42 PM AST","Yes","46Y","I consent to having Caltech researchers contact me about any other studies at Caltech, regardless of regardless of who is funding the research.","PB","I consent"
"2024/03/07 2:36:49 PM AST","Yes","5c1053202b16ba0001c86317","I consent to having Caltech researchers contact me about any other studies at Caltech, regardless of regardless of who is funding the research.","cl","I consent"
"2024/03/07 2:36:53 PM AST","Yes","631c8e97db06f601f81bd82f","I consent to having Caltech researchers contact me about any other studies at Caltech, regardless of regardless of who is funding the research.","gm","I consent"
"2024/03/07 2:36:55 PM AST","Yes","5d88db42c1d06e001a1fdcab","I consent to having Caltech researchers contact me about any other studies at Caltech, regardless of regardless of who is funding the research.","cs","I consent"
"2024/03/07 2:36:57 PM AST","Yes","5d012930cfeb82001817c9c9","I consent to having Caltech researchers contact me about other studies at Caltech that are funded by non-profit organizations, government agencies, universities, and other non-commercial entities.","GL","I consent"
"2024/03/07 2:37:01 PM AST","Yes","24Z","I consent to having Caltech researchers contact me about any other studies at Caltech, regardless of regardless of who is funding the research.","AN","I consent"
"2024/03/07 2:37:02 PM AST","Yes","76J","I consent to having Caltech researchers contact me about any other studies at Caltech, regardless of regardless of who is funding the research.","GC","I consent"
"2024/03/07 2:37:09 PM AST","Yes","59e7d3f97f3d71000171def0","I consent to having Caltech researchers contact me about any other studies at Caltech, regardless of regardless of who is funding the research.","JR","I consent"
"2024/03/07 2:37:14 PM AST","Yes","16W","I consent to having Caltech researchers contact me about any other studies at Caltech, regardless of regardless of who is funding the research.","AG","I consent"
"2024/03/07 2:37:26 PM AST","Yes","41X","I consent to having Caltech researchers contact me about other studies at Caltech that are funded by for-profit companies and other commercial entities.","T.K.","I consent"
"2024/03/07 2:37:32 PM AST","Yes","24O","I consent to having Caltech researchers contact me about any other studies at Caltech, regardless of regardless of who is funding the research.","CBS","I consent"
"2024/03/07 2:37:33 PM AST","Yes","77U","I consent to having Caltech researchers contact me about other studies at Caltech that are funded by non-profit organizations, government agencies, universities, and other non-commercial entities.","RM","I consent"
"2024/03/07 2:37:39 PM AST","Yes","63e537a4b33c1c72be91da82","I consent to having Caltech researchers contact me about any other studies at Caltech, regardless of regardless of who is funding the research.","AS","I consent"
"2024/03/07 2:37:52 PM AST","Yes","5d88db42c1d06e001a1fdcab","I consent to having Caltech researchers contact me about any other studies at Caltech, regardless of regardless of who is funding the research.","cs","I consent"
"2024/03/07 2:38:13 PM AST","Yes","5ed543442db0060a955d12e1","I consent to having Caltech researchers contact me about any other studies at Caltech, regardless of regardless of who is funding the research.","AAP","I consent"
"2024/03/07 2:38:19 PM AST","Yes","6480bdf6d433e2e158870605","I consent to having Caltech researchers contact me about any other studies at Caltech, regardless of regardless of who is funding the research.","6480bdf6d433e2e158870605","I consent"
"2024/03/07 2:38:29 PM AST","Yes","65d942ce4ea2fe978c283416","I consent to having Caltech researchers contact me about any other studies at Caltech, regardless of regardless of who is funding the research.","HH","I consent"
"2024/03/07 2:38:31 PM AST","Yes","57a6d7fac6144900014a47e7","I consent to having Caltech researchers contact me about other studies at Caltech that are funded by non-profit organizations, government agencies, universities, and other non-commercial entities.","DM","I consent"
"2024/03/07 2:38:56 PM AST","Yes","6517301b6d21d25e19c7e501","I consent to having Caltech researchers contact me about any other studies at Caltech, regardless of regardless of who is funding the research.","AV","I consent"
"2024/03/07 2:39:50 PM AST","Yes","5d453e8723a5bb0001492546","I consent to having Caltech researchers contact me about other studies at Caltech that are funded by non-profit organizations, government agencies, universities, and other non-commercial entities.","ZZ","I consent"
"2024/03/07 2:42:10 PM AST","Yes","6287a8c4a6303ff156cd0853","I consent to having Caltech researchers contact me about any other studies at Caltech, regardless of regardless of who is funding the research.","TH","I consent"
"2024/03/07 2:53:21 PM AST","Yes","6558c5afa08ee83a08287f09","I consent to having Caltech researchers contact me about any other studies at Caltech, regardless of regardless of who is funding the research.","CT","I consent"
"2024/03/12 9:52:06 AM AST","Yes","93I","I consent to having Caltech researchers contact me about other studies at Caltech that are funded by non-profit organizations, government agencies, universities, and other non-commercial entities.","qwe","I consent"
"2024/03/12 9:54:42 AM AST","Yes","21G","I consent to having Caltech researchers contact me about other studies at Caltech that are funded by non-profit organizations, government agencies, universities, and other non-commercial entities.","","I consent"
"2024/03/14 1:29:18 PM AST","Yes","646f77d9a7d75c8264dba865","I consent to having Caltech researchers contact me about any other studies at Caltech, regardless of regardless of who is funding the research.","SH","I consent"
"2024/03/14 1:30:55 PM AST","Yes","65c128df79c460e6c2c07adc","I do not wish to be contacted about participating in future research studies.","BD","I consent"
"2024/03/14 1:31:18 PM AST","Yes","600f9342e7bc5518fa9ca92a","I consent to having Caltech researchers contact me about other studies at Caltech that are funded by non-profit organizations, government agencies, universities, and other non-commercial entities.","Jerry Dong","I consent"
"2024/03/14 1:31:23 PM AST","Yes","564d1fedb48dec0005b5191d","I consent to having Caltech researchers contact me about any other studies at Caltech, regardless of regardless of who is funding the research.","RAH","I consent"
"2024/03/14 1:31:24 PM AST","Yes","615252fe3ac6a44f68bdc779","I consent to having Caltech researchers contact me about any other studies at Caltech, regardless of regardless of who is funding the research.","FC","I consent"
"2024/03/14 1:31:25 PM AST","Yes","5f7529755aaa0e1a6e804640","I consent to having Caltech researchers contact me about other studies at Caltech that are funded by non-profit organizations, government agencies, universities, and other non-commercial entities.","KB","I consent"
"2024/03/14 1:31:34 PM AST","Yes","5669ac845bd4ff0011159b4a","I consent to having Caltech researchers contact me about other studies at Caltech that are funded by non-profit organizations, government agencies, universities, and other non-commercial entities.","5669ac845bd4ff0011159b4a","I consent"
"2024/03/14 1:31:41 PM AST","Yes","5ef4d8b87faaa00c0dea0c4e","I consent to having Caltech researchers contact me about other studies at Caltech that are funded by non-profit organizations, government agencies, universities, and other non-commercial entities.","JL","I consent"
"2024/03/14 1:32:03 PM AST","Yes","56f9364e895094000c8f4967","I consent to having Caltech researchers contact me about other studies at Caltech that are funded by non-profit organizations, government agencies, universities, and other non-commercial entities.","np","I consent"
"2024/03/14 1:32:23 PM AST","Yes","65a2bc0d60b1e46f4e1d3cc8","I consent to having Caltech researchers contact me about other studies at Caltech that are funded by non-profit organizations, government agencies, universities, and other non-commercial entities.","NA","I consent"
"2024/03/14 1:32:34 PM AST","Yes","657322bd0c81d1e8853d38e8","I consent to having Caltech researchers contact me about other studies at Caltech that are funded by non-profit organizations, government agencies, universities, and other non-commercial entities.","SH","I consent"
"2024/03/14 1:32:39 PM AST","Yes","60ff7c8f4f066ccf6fe05587","I consent to having Caltech researchers contact me about any other studies at Caltech, regardless of regardless of who is funding the research.","KI","I consent"
"2024/03/14 1:33:04 PM AST","Yes","568e7e33e3ef9e000da202a7","I consent to having Caltech researchers contact me about other studies at Caltech that are funded by non-profit organizations, government agencies, universities, and other non-commercial entities.","DF","I consent"
"2024/03/14 1:35:47 PM AST","Yes","5c3151aa0cfe9a00012f6f3f","I consent to having Caltech researchers contact me about other studies at Caltech that are funded by non-profit organizations, government agencies, universities, and other non-commercial entities.",".hp","I consent"
"2024/03/14 1:37:06 PM AST","Yes","40C","I consent to having Caltech researchers contact me about other studies at Caltech that are funded by non-profit organizations, government agencies, universities, and other non-commercial entities.","Pau Batlle Franch","I consent"
"2024/03/14 1:37:36 PM AST","Yes","44L","I consent to having Caltech researchers contact me about other studies at Caltech that are funded by non-profit organizations, government agencies, universities, and other non-commercial entities.","MF","I consent"
"2024/03/14 1:37:40 PM AST","Yes","81F","I consent to having Caltech researchers contact me about any other studies at Caltech, regardless of regardless of who is funding the research.","JL","I consent"
"2024/03/14 1:38:09 PM AST","Yes","Elizabeth Xiao","I consent to having Caltech researchers contact me about any other studies at Caltech, regardless of regardless of who is funding the research.","EX","I consent"
"2024/03/14 1:39:57 PM AST","Yes","6554ea58c859388bc801973c","I consent to having Caltech researchers contact me about any other studies at Caltech, regardless of regardless of who is funding the research.","NB","I consent"
"2024/03/14 1:40:03 PM AST","Yes","10Q","I consent to having Caltech researchers contact me about other studies at Caltech that are funded by non-profit organizations, government agencies, universities, and other non-commercial entities.","PBF","I consent"
"2024/03/14 1:40:28 PM AST","Yes","60X","I consent to having Caltech researchers contact me about any other studies at Caltech, regardless of regardless of who is funding the research.","AK","I consent"
"2024/03/14 1:44:06 PM AST","Yes","67V","I consent to having Caltech researchers contact me about other studies at Caltech that are funded by non-profit organizations, government agencies, universities, and other non-commercial entities.","BW","I consent"
"2024/04/04 3:00:42 PM AST","Yes","655fa05b1303f59972ea6555","I consent to having Caltech researchers contact me about any other studies at Caltech, regardless of regardless of who is funding the research.","CA","I consent"
"2024/04/04 3:00:45 PM AST","Yes","5e1545d9b1fb05b6369d13e8","I consent to having Caltech researchers contact me about any other studies at Caltech, regardless of regardless of who is funding the research.","AC","I consent"
"2024/04/04 3:01:03 PM AST","Yes","90M","I consent to having Caltech researchers contact me about any other studies at Caltech, regardless of regardless of who is funding the research.","JM","I consent"
"2024/04/04 3:01:09 PM AST","Yes","63d15e1be853005ff591b935","I consent to having Caltech researchers contact me about any other studies at Caltech, regardless of regardless of who is funding the research.","CC","I consent"
"2024/04/04 3:01:22 PM AST","Yes","47R","I consent to having Caltech researchers contact me about other studies at Caltech that are funded by non-profit organizations, government agencies, universities, and other non-commercial entities.","MA","I consent"
"2024/04/04 3:01:31 PM AST","Yes","07C","I consent to having Caltech researchers contact me about other studies at Caltech that are funded by non-profit organizations, government agencies, universities, and other non-commercial entities.","AP","I consent"
"2024/04/04 3:01:57 PM AST","Yes","63868eb7abcf3f247da6f52b","I consent to having Caltech researchers contact me about any other studies at Caltech, regardless of regardless of who is funding the research.","FD","I consent"
"2024/04/04 3:02:16 PM AST","Yes","31O","I consent to having Caltech researchers contact me about any other studies at Caltech, regardless of regardless of who is funding the research.","YK","I consent"
"2024/04/04 3:02:22 PM AST","Yes","5bf311373a5bf00001401f64","I consent to having Caltech researchers contact me about any other studies at Caltech, regardless of regardless of who is funding the research.","5bf311373a5bf00001401f64","I consent"
"2024/04/04 3:02:26 PM AST","Yes","64d5219df0415c9a7c609c19","I consent to having Caltech researchers contact me about any other studies at Caltech, regardless of regardless of who is funding the research.","LIM","I consent"
"2024/04/04 3:02:44 PM AST","Yes","5f48002958dd331635f1d767","","HO","I consent"
"2024/04/04 3:03:02 PM AST","Yes","5e8b32ec2c33ae7f20a0b401","I consent to having Caltech researchers contact me about other studies at Caltech that are funded by non-profit organizations, government agencies, universities, and other non-commercial entities.","yb","I consent"
"2024/04/04 3:03:02 PM AST","Yes","63X","I consent to having Caltech researchers contact me about other studies at Caltech that are funded by non-profit organizations, government agencies, universities, and other non-commercial entities.","VNV","I consent"
"2024/04/04 3:03:14 PM AST","Yes","6109de45d2153a9e677a847e","I consent to having Caltech researchers contact me about other studies at Caltech that are funded by non-profit organizations, government agencies, universities, and other non-commercial entities.","AS","I consent"
"2024/04/04 3:03:48 PM AST","Yes","5eb5f6d5e38e9f4e6c8dde3f","I consent to having Caltech researchers contact me about other studies at Caltech that are funded by non-profit organizations, government agencies, universities, and other non-commercial entities.","DT","I consent"
"2024/04/04 3:04:39 PM AST","Yes","63e576170eb086a90644efb4","I consent to having Caltech researchers contact me about any other studies at Caltech, regardless of regardless of who is funding the research.","ql","I consent"
"2024/04/04 3:04:45 PM AST","Yes","612517df29cd32c6632b4a44","I consent to having Caltech researchers contact me about any other studies at Caltech, regardless of regardless of who is funding the research.","XX","I consent"
"2024/04/04 3:04:47 PM AST","Yes","65f4ab7884f8411c9e11a34e","I consent to having Caltech researchers contact me about any other studies at Caltech, regardless of regardless of who is funding the research.","JR","I consent"
"2024/04/04 3:06:21 PM AST","Yes","31O","I consent to having Caltech researchers contact me about any other studies at Caltech, regardless of regardless of who is funding the research.","YK","I consent"
"2024/04/04 3:09:34 PM AST","Yes","63bed6e176fba857a47fbaff","I consent to having Caltech researchers contact me about other studies at Caltech that are funded by non-profit organizations, government agencies, universities, and other non-commercial entities.","Gladys","I consent"
"2024/06/04 10:28:40 AM AST","Yes","343g6dp8_01B","I consent to having Caltech researchers contact me about other studies at Caltech that are funded by non-profit organizations, government agencies, universities, and other non-commercial entities.","rls","I consent"
"2024/06/04 10:53:41 AM AST","Yes","t8osyu7s_80B","I consent to having Caltech researchers contact me about other studies at Caltech that are funded by non-profit organizations, government agencies, universities, and other non-commercial entities.","rls","I consent"
"2024/06/04 2:03:07 PM AST","Yes","65771b60491a7f2586a8e76e","I consent to having Caltech researchers contact me about any other studies at Caltech, regardless of regardless of who is funding the research.","KS","I consent"
"2024/06/04 2:03:41 PM AST","Yes","vbm55dq7_28W","I consent to having Caltech researchers contact me about other studies at Caltech that are funded by non-profit organizations, government agencies, universities, and other non-commercial entities.","LH","I consent"
"2024/06/04 2:03:50 PM AST","Yes","59966e89a2bbe000018834b8","I consent to having Caltech researchers contact me about other studies at Caltech that are funded by non-profit organizations, government agencies, universities, and other non-commercial entities.","COA","I consent"
"2024/06/04 2:03:57 PM AST","Yes","664639dd4711fff56d77ada4","I consent to having Caltech researchers contact me about any other studies at Caltech, regardless of regardless of who is funding the research.","PP","I consent"
"2024/06/04 2:03:58 PM AST","Yes","652bec7edafaf7eb52260adc","I consent to having Caltech researchers contact me about other studies at Caltech that are funded by non-profit organizations, government agencies, universities, and other non-commercial entities.","KB","I consent"
"2024/06/04 2:04:30 PM AST","Yes","5c56964991c0ad0001cfa5ae","I consent to having Caltech researchers contact me about other studies at Caltech that are funded by non-profit organizations, government agencies, universities, and other non-commercial entities.","ADM","I consent"
"2024/06/04 2:04:36 PM AST","Yes","632a1ae0d2c0c28e680e9c5a","I consent to having Caltech researchers contact me about other studies at Caltech that are funded by non-profit organizations, government agencies, universities, and other non-commercial entities.","rjs","I consent"
"2024/06/04 2:05:05 PM AST","Yes","647e0f22b1d466181ae694c4","I consent to having Caltech researchers contact me about other studies at Caltech that are funded by non-profit organizations, government agencies, universities, and other non-commercial entities.","ML","I consent"
"2024/06/04 2:05:47 PM AST","Yes","6646002255b1bdcfe331c5c4","I consent to having Caltech researchers contact me about any other studies at Caltech, regardless of regardless of who is funding the research.","KG","I consent"
"2024/06/04 2:06:03 PM AST","Yes","vbm55dq7_96M","I consent to having Caltech researchers contact me about any other studies at Caltech, regardless of regardless of who is funding the research.","DSJ","I consent"
"2024/06/04 2:06:19 PM AST","Yes","6090578fb2299eacaec32b7a","I consent to having Caltech researchers contact me about any other studies at Caltech, regardless of regardless of who is funding the research.","AT","I consent"
"2024/06/04 2:06:45 PM AST","Yes","66293cc1dcfaa310dd0f711b","I do not wish to be contacted about participating in future research studies.","CN","I consent"
"2024/06/04 2:07:12 PM AST","Yes","62b0ff84054c6ca32f481c65","I consent to having Caltech researchers contact me about other studies at Caltech that are funded by non-profit organizations, government agencies, universities, and other non-commercial entities.","KS","I consent"
"2024/06/04 2:07:18 PM AST","Yes","vbm55dq7_63A","I do not wish to be contacted about participating in future research studies.","MY","I consent"
"2024/06/04 2:07:19 PM AST","Yes","62e19208352cd518d7b2f085","I consent to having Caltech researchers contact me about other studies at Caltech that are funded by non-profit organizations, government agencies, universities, and other non-commercial entities.","KS","I consent"
"2024/06/04 2:07:24 PM AST","Yes","6638e8aa3d1f38846080806a","I consent to having Caltech researchers contact me about any other studies at Caltech, regardless of regardless of who is funding the research.","GTC","I consent"
"2024/06/04 2:07:26 PM AST","Yes","66463e4efb99fba5a67a010a","I consent to having Caltech researchers contact me about other studies at Caltech that are funded by non-profit organizations, government agencies, universities, and other non-commercial entities.","J F","I consent"
"2024/06/04 2:07:43 PM AST","Yes","5e9f3f09ccc75a0c345e4845","I consent to having Caltech researchers contact me about other studies at Caltech that are funded by non-profit organizations, government agencies, universities, and other non-commercial entities.","sd","I consent"
"2024/06/04 2:07:57 PM AST","Yes","vbm55dq7_55W","I consent to having Caltech researchers contact me about other studies at Caltech that are funded by non-profit organizations, government agencies, universities, and other non-commercial entities.","RA","I consent"
"2024/06/04 2:08:16 PM AST","Yes","5fb8c064339ea562edc00d73","I consent to having Caltech researchers contact me about any other studies at Caltech, regardless of regardless of who is funding the research.","KM","I consent"
"2024/06/04 2:08:38 PM AST","Yes","664299802cd8985e29fc6573","I do not wish to be contacted about participating in future research studies.","CS","I consent"
"2024/06/04 2:09:03 PM AST","Yes","vbm55dq7_92P","I consent to having Caltech researchers contact me about any other studies at Caltech, regardless of regardless of who is funding the research.","AB","I consent"
"2024/06/04 2:10:52 PM AST","Yes","vbm55dq7_60Q","I consent to having Caltech researchers contact me about other studies at Caltech that are funded by non-profit organizations, government agencies, universities, and other non-commercial entities.","AN","I consent"
"2024/06/04 2:11:14 PM AST","Yes","6639294aecf47d087656fe71","I consent to having Caltech researchers contact me about other studies at Caltech that are funded by non-profit organizations, government agencies, universities, and other non-commercial entities.","tec","I consent"
"2024/06/04 2:18:07 PM AST","Yes","65fae5364f7c7bd6c75658b6","I consent to having Caltech researchers contact me about any other studies at Caltech, regardless of regardless of who is funding the research.","PM","I consent"
"2024/06/04 2:18:57 PM AST","Yes","65fae5364f7c7bd6c75658b6","I consent to having Caltech researchers contact me about any other studies at Caltech, regardless of regardless of who is funding the research.","PM","I consent"
"2024/06/14 11:35:33 PM AST","Yes","d0nkn0ji_77M","I do not wish to be contacted about participating in future research studies.","MT","I consent"
"2024/06/20 12:58:22 PM AST","Yes","5d63179aa3b94d0001da4bb6","I consent to having Caltech researchers contact me about any other studies at Caltech, regardless of regardless of who is funding the research.","KB","I consent"
"2024/06/20 12:58:30 PM AST","Yes","653703627539f3a8b2ed4af3","I consent to having Caltech researchers contact me about any other studies at Caltech, regardless of regardless of who is funding the research.","JS","I consent"
"2024/06/20 12:58:52 PM AST","Yes","6642bc68a8130f486d2ae4b0","I consent to having Caltech researchers contact me about other studies at Caltech that are funded by non-profit organizations, government agencies, universities, and other non-commercial entities.","cs","I consent"
"2024/06/20 12:58:56 PM AST","Yes","663ed306e45b308e3a7b1f8d","I consent to having Caltech researchers contact me about other studies at Caltech that are funded by non-profit organizations, government agencies, universities, and other non-commercial entities.","NL","I consent"
"2024/06/20 12:59:04 PM AST","Yes","56f1d53bf2df32000b8f3748","I consent to having Caltech researchers contact me about any other studies at Caltech, regardless of regardless of who is funding the research.","PM","I consent"
"2024/06/20 12:59:10 PM AST","Yes","5a95a63e4eecca0001dd4cfa","I consent to having Caltech researchers contact me about any other studies at Caltech, regardless of regardless of who is funding the research.","DT","I consent"
"2024/06/20 12:59:15 PM AST","Yes","612962f44f151ddfd0298c52","I consent to having Caltech researchers contact me about any other studies at Caltech, regardless of regardless of who is funding the research.","JS","I consent"
"2024/06/20 12:59:18 PM AST","Yes","632b947efa9da6a9bde31f94","I consent to having Caltech researchers contact me about any other studies at Caltech, regardless of regardless of who is funding the research.","hg","I consent"
"2024/06/20 12:59:22 PM AST","Yes","59894fbbda239a0001fb8e16","I consent to having Caltech researchers contact me about other studies at Caltech that are funded by non-profit organizations, government agencies, universities, and other non-commercial entities.","pm","I consent"
"2024/06/20 12:59:27 PM AST","Yes","651c4484ba17050f6b716614","I consent to having Caltech researchers contact me about other studies at Caltech that are funded by non-profit organizations, government agencies, universities, and other non-commercial entities.","zs","I consent"
"2024/06/20 12:59:35 PM AST","Yes","65ef1b4257164ebb8e1db886","I consent to having Caltech researchers contact me about any other studies at Caltech, regardless of regardless of who is funding the research.","hb","I consent"
"2024/06/20 12:59:36 PM AST","Yes","5dce29700ad506063969a4a5","I consent to having Caltech researchers contact me about other studies at Caltech that are funded by non-profit organizations, government agencies, universities, and other non-commercial entities.","TW","I consent"
"2024/06/20 12:59:42 PM AST","Yes","5d19281012e152001920227f","I consent to having Caltech researchers contact me about any other studies at Caltech, regardless of regardless of who is funding the research.","AP","I consent"
"2024/06/20 12:59:51 PM AST","Yes","5f504fd2cc049d1cbf29c40d","I consent to having Caltech researchers contact me about other studies at Caltech that are funded by non-profit organizations, government agencies, universities, and other non-commercial entities.","J.C.","I consent"
"2024/06/20 1:00:42 PM AST","Yes","659daa1ed4e13d6428103c1f","I consent to having Caltech researchers contact me about any other studies at Caltech, regardless of regardless of who is funding the research.","SA","I consent"
"2024/06/20 1:01:33 PM AST","Yes","6267c3d17f88988d0d787c7f","I consent to having Caltech researchers contact me about other studies at Caltech that are funded by non-profit organizations, government agencies, universities, and other non-commercial entities.","6267c3d17f88988d0d787c7f","I consent"
"2024/06/20 1:02:06 PM AST","Yes","4vs1ljv7_03Q","I consent to having Caltech researchers contact me about any other studies at Caltech, regardless of regardless of who is funding the research.","AI","I consent"
"2024/06/20 1:02:09 PM AST","Yes","612962f44f151ddfd0298c52","I consent to having Caltech researchers contact me about any other studies at Caltech, regardless of regardless of who is funding the research.","JS","I consent"
"2024/06/20 1:02:45 PM AST","Yes","60f5f8769fc9289a9e518129","I do not wish to be contacted about participating in future research studies.","NP","I consent"
"2024/06/20 1:04:39 PM AST","Yes","4vs1ljv7_33S","I consent to having Caltech researchers contact me about other studies at Caltech that are funded by non-profit organizations, government agencies, universities, and other non-commercial entities.","Nikita Kosogorov","I consent"
"2024/06/20 1:05:13 PM AST","Yes","4vs1ljv7_89Z","I consent to having Caltech researchers contact me about other studies at Caltech that are funded by non-profit organizations, government agencies, universities, and other non-commercial entities.","89Z","I consent"
"2024/06/20 1:05:47 PM AST","Yes","4vs1ljv7_09T","I consent to having Caltech researchers contact me about any other studies at Caltech, regardless of regardless of who is funding the research.","MK","I consent"
"2024/06/20 1:07:05 PM AST","Yes","4vs1ljv7_33G","I consent to having Caltech researchers contact me about other studies at Caltech that are funded by non-profit organizations, government agencies, universities, and other non-commercial entities.","ERB","I consent"
"2024/06/20 1:08:29 PM AST","Yes","66601438206fb7fc6c48a81f","I consent to having Caltech researchers contact me about any other studies at Caltech, regardless of regardless of who is funding the research.","SJ","I consent"
"2024/06/20 1:08:31 PM AST","Yes","4vs1ljv7_69G","I consent to having Caltech researchers contact me about any other studies at Caltech, regardless of regardless of who is funding the research.","ck","I consent"
"2024/06/20 1:08:43 PM AST","Yes","613e77b91fc96b58404a4584","","","I consent"
"2024/06/20 1:10:11 PM AST","Yes","5c560b6fccb08c0001e134a8","I consent to having Caltech researchers contact me about other studies at Caltech that are funded by non-profit organizations, government agencies, universities, and other non-commercial entities.","CJ","I consent"
"2024/06/20 1:14:17 PM AST","Yes","6655e4f304ea91b8ecb46edc","I consent to having Caltech researchers contact me about other studies at Caltech that are funded by non-profit organizations, government agencies, universities, and other non-commercial entities.","DN","I consent"
"2024/07/02 1:29:29 PM AST","Yes","r0fz6tf4_57R","I consent to having Caltech researchers contact me about any other studies at Caltech, regardless of regardless of who is funding the research.","RJ","I consent"
"2024/07/02 1:29:49 PM AST","Yes","r0fz6tf4_03A","I consent to having Caltech researchers contact me about other studies at Caltech that are funded by non-profit organizations, government agencies, universities, and other non-commercial entities.","AN","I consent"
"2024/07/02 1:31:39 PM AST","Yes","56f9364e895094000c8f4967","I consent to having Caltech researchers contact me about other studies at Caltech that are funded by non-profit organizations, government agencies, universities, and other non-commercial entities.","np","I consent"
"2024/07/02 1:31:47 PM AST","Yes","5c95493ddd325800166f838a","I consent to having Caltech researchers contact me about any other studies at Caltech, regardless of regardless of who is funding the research.","DB","I consent"
"2024/07/02 1:31:48 PM AST","Yes","559c3b0efdf99b32b6963e81","I consent to having Caltech researchers contact me about any other studies at Caltech, regardless of regardless of who is funding the research.","TS","I consent"
"2024/07/02 1:31:52 PM AST","Yes","660452d6f4aa3a41d687885b","I do not wish to be contacted about participating in future research studies.","HK","I consent"
"2024/07/02 1:32:00 PM AST","Yes","6679a7429f703992d1619bdc","I consent to having Caltech researchers contact me about other studies at Caltech that are funded by non-profit organizations, government agencies, universities, and other non-commercial entities.","JC","I consent"
"2024/07/02 1:32:03 PM AST","Yes","664d22bd125af12d9d859875","I consent to having Caltech researchers contact me about any other studies at Caltech, regardless of regardless of who is funding the research.","gm","I consent"
"2024/07/02 1:32:07 PM AST","Yes","62cd43d66c2dd7ae9ab53ae7","I consent to having Caltech researchers contact me about other studies at Caltech that are funded by non-profit organizations, government agencies, universities, and other non-commercial entities.","SW","I consent"
"2024/07/02 1:32:15 PM AST","Yes","5658000ca9872d0011e1ba26","I consent to having Caltech researchers contact me about any other studies at Caltech, regardless of regardless of who is funding the research.","","I consent"
"2024/07/02 1:32:17 PM AST","Yes","6605c7c89ba2e71bdfa91861","I consent to having Caltech researchers contact me about any other studies at Caltech, regardless of regardless of who is funding the research.","ge","I consent"
"2024/07/02 1:32:19 PM AST","Yes","665ca5c19424301a3658f79c","I consent to having Caltech researchers contact me about other studies at Caltech that are funded by non-profit organizations, government agencies, universities, and other non-commercial entities.","MM","I consent"
"2024/07/02 1:32:23 PM AST","Yes","r0fz6tf4_25L","","IB","I consent"
"2024/07/02 1:32:56 PM AST","Yes","56e8bf5a870a8e000b4a8d6e","I consent to having Caltech researchers contact me about any other studies at Caltech, regardless of regardless of who is funding the research.","EO","I consent"
"2024/07/02 1:33:20 PM AST","Yes","60e8b06bfb1c78d450ae9f79","","hn","I consent"
"2024/07/02 1:33:27 PM AST","Yes","6569e36fbfc7a701e7446cd7","I consent to having Caltech researchers contact me about any other studies at Caltech, regardless of regardless of who is funding the research.","MA","I consent"
"2024/07/02 1:33:50 PM AST","Yes","663a63f7d07fee78a65a31a6","I consent to having Caltech researchers contact me about any other studies at Caltech, regardless of regardless of who is funding the research.","GC","I consent"
"2024/07/02 1:33:52 PM AST","Yes","65cce024500351e8c8f7ff26","I consent to having Caltech researchers contact me about other studies at Caltech that are funded by non-profit organizations, government agencies, universities, and other non-commercial entities.","TT","I consent"
"2024/07/02 1:34:46 PM AST","Yes","r0fz6tf4_46V","I consent to having Caltech researchers contact me about other studies at Caltech that are funded by non-profit organizations, government agencies, universities, and other non-commercial entities.","KH","I consent"
"2024/07/02 1:34:52 PM AST","Yes","65a2bc0d60b1e46f4e1d3cc8","I consent to having Caltech researchers contact me about any other studies at Caltech, regardless of regardless of who is funding the research.","S","I consent"
"2024/07/02 1:36:32 PM AST","Yes","5cc5e72ce3c44e0015fdf990","I consent to having Caltech researchers contact me about any other studies at Caltech, regardless of regardless of who is funding the research.","LL","I consent"
"2024/07/02 1:37:10 PM AST","Yes","r0fz6tf4_60W","I consent to having Caltech researchers contact me about other studies at Caltech that are funded by non-profit organizations, government agencies, universities, and other non-commercial entities.","JB","I consent"
"2024/07/02 1:37:29 PM AST","Yes","63bd81516745e78ee7f50f7f","I consent to having Caltech researchers contact me about any other studies at Caltech, regardless of regardless of who is funding the research.","dg","I consent"
"2024/07/02 1:39:58 PM AST","Yes","5c3e82e91580e9000122d204","I consent to having Caltech researchers contact me about other studies at Caltech that are funded by non-profit organizations, government agencies, universities, and other non-commercial entities.","VM","I consent"
"2024/07/02 1:59:55 PM AST","Yes","62fba37f3560a85b4eb94aac","I consent to having Caltech researchers contact me about other studies at Caltech that are funded by non-profit organizations, government agencies, universities, and other non-commercial entities.","JJ","I consent"